id ,aminoacids ,proteintype    ,asciiname                 ,latexname                                       ,source            ,sequence
 1 ,        13 ,idp_literature ,a_beta_12_24              ,A \textbeta (12-24)                             ,Danielsson_2002   ,VHHQKLVFFAEDV
 2 ,        28 ,idp_literature ,a_beta_1_28               ,A \textbeta (1-28)                              ,Danielsson_2002   ,DAEFRHDSGYEVHHQKLVFFAEDVGSNK
 3 ,        40 ,idp_literature ,a_beta_1_40               ,A \textbeta (1-40)                              ,Danielsson_2002   ,DAEFRHDSGYEVHHQKLVFFAEDVGSNKGAIIG[LMVGGV]V
 4 ,        90 ,idp_literature ,p_sic_1                   ,pSic1                                           ,Mittag_2008       ,MTPSTPPRSRGTRYLAQPSGNTSSSALMQGQKTPQKPSQNLVPVTPSTTKSFKNAPLLAPPNSNMGMTSPFNG[LTSPQRSP]FPKSSVKRT
 5 ,        93 ,idp_literature ,p_53_1_93                 ,p53(1-93)                                       ,Perez_2014        ,MEEPQSDPSVEPPLSQETFSD[LWKLLPENNVLSPLPSQAMDDLMLSPDDIEQWFTEDPGP]DEAPRMPEAAPPVAPAPAAPTPAAPAPAPSWPL
 6 ,        93 ,idp_literature ,e_m_protein               ,E\textsubscript{m} protein                      ,McCubbin_1985     ,MASGQQERSQLDRKAREGETVVPGGTGGKSLEAQENLAEGRSRGGQTRREQMGEEGYSQMGRKGGLSTNDESGGDRAAREGIDIDESKFKTKS
 7 ,       129 ,globular       ,lysozyme                  ,Lysozyme                                        ,this work         ,[KVFGRCELAAAMKRHGLDNYRGYSLGNWVCAAKFESNFNTQATNRNTDGSTDYGILQINSRWWCNDGRTPGSRNLCNIPCSALLSSDITASVNCAKKIVSDGNGMNAWVAWRNRCKGTDVQAWIRGCRL]
 8 ,       131 ,idp_literature ,aa_fe_cr                  ,AaFEcR                                          ,Wiech_2019        ,GPSAGLVPRGSGG[IEGRHMLEEIWDVQDIPPSMQAQMH]SHGTQSSSSSSSSSSSSSNGSSNGNSSSNSNSSQHGPHPHPHGQQLTPNQQQHQQQHSQLQQVHANGSGSGGGSNNNSSSGGVVPGLGMLDQV
 9 ,       135 ,idp_literature ,aap_pgr                   ,Aap PGR                                         ,Yarawsky_2017     ,[AEPGKPAEPGKPAEPGKPAEPGTPAEPGKPAEPGTPAEPGKPAEPGKP]AEPGKPAEPGKPAEPGTPAEPGTPAEPGKPAEPGTPAEPG[KPAEPGTPAEPGKPAESGKPVEPGTPAQSGAPEQPNRSMHSTDN]KNQ
10 ,       139 ,idp_literature ,n_tail                    ,N \textsubscript{tail}                          ,Longhi_2003       ,MRGSHHHHHHXXXHTTEDKISRAVGPRQAQVSFLHGDQSENELPRLGGKEDRRVKQSRGEARESYRETGPSRASDAR[AAHLPTGTPLDIDTASESSQDPQDSRRSADALLRLQAMAGIS]EEQGSDTDTPIVYNDRNLLD
11 ,       140 ,idp_literature ,alpha_synuclein           ,\textalpha{}-Synuclein                          ,Pesce_2023        ,MDVFMKGLSKAKEGVVAAAEKTKQGVAEAAGKTKE[GVLYVGSKTKEGVVHGVATVAEKTKEQVTNVGGAVVTGVTAVAQKTVEGAGSIAAATGFVKKDQL]GKNEEGAPQEGILEDMPVDPDNEAYEMPSEEGYQDYEPEA
12 ,       140 ,idp_literature ,h_nl_3_cyt                ,hNL3-cyt                                        ,Paz_2008          ,MGSSHHHHHHSSGLVPRGSHMAYRKDKRRQEPLRQPSPQRGAGAPELGAAPEEELAALQLGPTHHECEAGPPH[DTLRLTALPDYTLTLRRSPDDIPLMTP]NTITMIPNSLVGLQTLHPYNTFAAGFNSTGLPHSHSTTRV
13 ,       149 ,idp_experiment ,sap_1a                    ,SAP 1A                                          ,this work         ,[GLPLPLKNENAIVDGDGTSVVTTKEDASTIFERDPNPANQVSAMVTGVILDENGD]PGESDESVENVDNDGEGGDKDDDKNGEDNDLDNKEHEEEKGDDDRGDDEEEDDAEGDNDSNDNEGDDDDDDDSGDDDDVDESGADEDDDDDSGD
14 ,       167 ,idp_literature ,ana_c046_172_338          ,ANAC046 \textsubscript{172-338}                 ,Pesce_2023        ,NAPSTTITT[TKQLSR]IDSLDNIDHLLDFSS[LPPLIDPGFLGQ]PGPSFSGARQQHDLKPVLHHPTTAPVDNTYLPTQALNFPYHSVHNSGSDFGYGAGS[GNNNKGMIKLEHSLVSVSQ]ETGLSSDVNTTATPEISSYPMMMNPAMMDGSKSACD[GLDDLIFWEDLYTS]
15 ,       169 ,idp_literature ,hif_1_alpha_530_698       ,HIF-1\textalpha{}(530-698)                      ,Sanchez_Puig_2005 ,[EFKLELVEKLFAEDTEAKNPFSTQDTDLDLEMLAPYIPMDDDFQLRSFDQLS]PLESSSASPESASPQSTVTVFQQTQIQEPTANATTTTATTDELKTVTKDRMEDIKILIASPSPTHIHKETTSATSSPYRDTQSRTASPNRAGKGVIEQTEKSHPRSPNVLSVALSQR
16 ,       190 ,idp_experiment ,eif4e_28_217              ,eIF4E(28-217)                                   ,this work         ,VAN[PEHYIKHPLQNRWALWFFKNDKSKTWQANLRLISKFDTVEDFWALYNHIQLSSNLMPGCDYSLFKDGIEPMWEDEKNKRGGRWLITLNKQQRRSDLDRFWLETLLCLIGESFDDYSDDVCGAVVNVRAKGDKIAIWTTECENRDAVTHIGRVYKERLGLPPKIVIGYQSHADTATKSGSTTKNRFVV]
17 ,       201 ,idp_literature ,hif_1_alpha_403-603       ,HIF-1\textalpha{}(403-603)                      ,Sanchez_Puig_2005 ,[AAGDTIISLDFGSNDTETDDQQLE]EVPLYNDVMLPSPNEKLQNINLAMSPLPTAETPKPLRSSADPALNQEVALKLEPNPESLELSFTMPQIQDQTPSPSDGSTRQSSPEPNSP[SEYCFYVDSDMVNEFKLELVEKLFAEDTEAKNPFSTQDTDLDLEMLAPYIPMDDDFQLRSFDQ]LSPLESSSASPESASPQSTVTVFQ
18 ,       204 ,idp_literature ,securin                   ,Securin                                         ,Sanchez_Puig_2005 ,XX[MATLI]YVDKENGEPGTRVVAKDGLKLGSGPSIKALDGRSQVSTPRFGKTFDAPPALPKATRKALGTVNRATEKSVKTKGPLKQKQPSFSAKKMTEKTVKAKSSVPASDD[AYPEIEKFFPFNPLDFESFDLPEEHQIAHLPLSGVPLMILDEERELEKLFQ]LGPPSPVKMPSPPWESNLLQSPSSILSTLDVELPPVCCDIDI
19 ,       206 ,idp_literature ,snap_25                   ,SNAP25                                          ,Choi_2011         ,MAEDAD[MRNELEEMQRRADQLADESLESTRRMLQLVEESKDAGIRTLVMLDEQGEQLERIEEGMDQINKDMKEAEKNLTDLGKFCGLCVCPCNKLKSSDAYK]KAWGNNQDGVVASQPARVVDEREQMAISGGFIRRVTNDA[RENEMDENLEQVSGIIGNLRHMALDMGNEIDTQNRQIDRIMEKADSNKTRIDEANQRATKMLGS]G
20 ,       217 ,idp_experiment ,eif4e                     ,eIF4e                                           ,this work         ,MATVEPETTPTPNPPTTEEEKTESNQEVANP[EHYIKHPLQNRWALWFFKNDKSKTWQANLRLISKFDTVEDFWALYNHIQLSSNLMPGCDYSLFKDGIEPMWEDEKNKRGGRWLITLNKQQRRSDLDRFWLETLLCLIGESFDDYSDDVCGAVVNVRAKGDKIAIWTTECENREAVTHIGRVYKERLGLPPKIVIGYQSHADTATKSGSTTKNRFVV]
21 ,       236 ,idp_literature ,h6_pnt                    ,H\textsubscript{6}-PNT                          ,Karlin_2002       ,HHHHHHMAEEQARHVKNG[LECIRALKAEPIGSLAIEEAMAAW]SEISDNPGQERATCREEKAGSSGLSKPCLS[AIGSTEG]GAPRIRGQGPGESDDDAETLGIPP[RNLQASSTGLQCYYVYDHSGEAVKGIQDADSIMVQSGLDGDSTL]SGGDNESENSDVDIGEPDTEGYA[ITDRGSAPISMGFRASDVETAEGGEIHELLRLQSRGNNFPKLGKTLNVPPPPD]PGRASTSGTPIKK
22 ,       237 ,idp_literature ,3d7_6hmsp2                ,3D7-6HMSP2                                      ,Zhang_2008        ,MIKNES[KYSNTFINNAYNMSIRRS]MAESKPSTGAGGSAGGSAGGSAGGSAGGSAGGSAGSGDGNGADAEGSSSTPATTTTTKTTTTTTTTNDAEASTSTSSENPNHKNAETNPKGKGEVQEPNQANKETQNNSNVQQDSQTKSNVPPTQDADTKSPTAQPEQAENSAPTAEQTESPELQSAPENKGTGQHGHMHGSRNNHPQNTSDSQK[ECTDGNKENCGAATSLL]NNSSNHHHHHH
23 ,       245 ,globular       ,alpha_chymo_trypsinogen_a ,\textalpha{}-chymo-trypsinogen A                ,this work         ,[CGVPAIQPVLSGLSRIVNGEEAVPGSWPWQVSLQDKTGFHFCGGSLINENWVVTAAHCGVTTSDVVVAGEFDQGSSSEKIQKLKIAKVFKNSKYNSLTINNDITLLKLSTAASFSQTVSAVCLPSASDDFAAGTTCVTTGWGLTRYTNANTPDRLQQASLPLLSNTNCKKYWGTKIKDAMICAGASGVSSCMGDSGGPLVCKKNGAWTLVGIVSWGSSTCSTSTPGVYARVTALVNWVQQTLAAN]
24 ,       256 ,globular       ,h6_mcherry                ,H\textsubscript{6}-mCherry                      ,this work         ,MGSSHHHHHHSSGLVPRGSHMVSKGEE[DNMAIIKEFMRFKVHMEGSVNGHEFEIEGEGEGRPYEGTQTAKLKVTKGGPLPFAWDILSPQFMYGSKAYVKHPADIPDYLKLSFPEGFKWERVMNFEDGGVVTVTQDSSLQDGEFIYKVKLRGTNFPSDGPVMQKKTMGWEASSERMYPEDGALKGEIKQRLKLKDGGHYDAEVKTTYKAKKPVQLPGAYNVNIKLDITSHNEDYTIVEQYERAEGRHSTGG]MDELYK
25 ,       267 ,idp_experiment ,h6_sumo_sap_1a            ,H\textsubscript{6}-SUMO-SAP 1A                  ,this work         ,MGSSHHHHHHSSGLVPRGSHMSDSEVNQEAKPEVKPEV[KPETHINLKVSDGSSEIFFKIKKTTPLRRLMEAFAKRQGKEMDSLRFLYDGIRIQADQTPEDLDMEDNDIIEAHREQIGGGLPLPLKNENAIVDGDGTSVVTTKEDASTIFERDPNPANQVSAMVTGVILDENGDP]GESDESVENVDNDGEGGDKDDDKNGEDNDLDNKEHEEEKGDDDRGDDEEEDDAEGDNDSNDNEGDDDDDDDSGDDDDVDESGADEDDDDDSGD
26 ,       272 ,globular       ,m_alpha_egfp_h6           ,m\textalpha{}EGFP-H\textsubscript{6}            ,this work         ,GTVSKGE[ELFTGVVPILVELDGDVNGHKFSVSGEGEGDATYGKLTLKFICTTGKLPVPWPTLVTTLTYGVQCFSRYPDHMKRHDFFKSAMPEGYVQERTISFKDDGNYKTRAEVKFEGDTLVNRIELKGIDFKEDGNILGHKLEYNYNSHNVYITADKQKNGIKANFKIRHNIEDGSVQLADHYQQNTPIGDGPVLLPDNHYLSTQSKLSKDPNEKRDHMVLLEFVTAAGITLGMDELYKDIGSAGSAAGSGEFEFLEVLFQG]PLEHHHHHH
27 ,       282 ,idp_experiment ,h6_mcherry_alpha_helix    ,H\textsubscript{6}-mCherry-\textalpha{}helix    ,this work         ,MGSSHHHHHHSSGLVPRGSHMVSKGEED[NMAIIKEFMRFKVHMEGSVNGHEFEIEGEGEGRPYEGTQTAKLKVTKGGPLPFAWDILSPQFMYGSKAYVKHPADIPDYLKLSFPEGFKWERVMNFEDGGVVTVTQDSSLQDGEFIYKVKLRGTNFPSDGPVMQKKTMGWEASSERMYPEDGALKGEIKQRLKLKDGGHYDAEVKTTYKAKKPVQLPGAYNVNIKLDITSHNEDYTIVEQYERAEGRHSTGGMDELYKGTG]VDQDPAANKARKEAELAAATAQQ
28 ,       324 ,idp_experiment ,h6_sumo_cnot1_800_999     ,H\textsubscript{6}-SUMO-CNOT1(800-999)          ,this work         ,MGSSHHHHHHSSGLVPRGSHMASMSDSEVNQEAKPEVKPEV[KPETHINLKVSDGSSEIFFKIKKTTPLRRLMEAFAKRQGKEMDSLRFLYDGIRIQADQTPEDLDMEDNDIIEAHREQIGGSEFNND]PFVQRKLGTSGLNQPTFQQTDLSQVWPEA[NQHFSKEIDDEANSYFQRIYNHPPHPTMSVDEVLEMLQRFKDSTIKREREVFNCMLRNLFEEYRFFPQYPDKELHITACLFGGIIEKGLVTYMALGLALRYVLEALRKPFGSKMYYFGIAALDRFKNRLKDYPQYCQHLASISHFMQFPHHLQEYIEYGQQS]RDPPVK
29 ,       348 ,idp_experiment ,gw182sd_delta_rrm         ,GW182SD \textDelta{}RRM                         ,this work         ,SEFNTFAPYPLAGLNPNMNVNSMDMTGGLSVKDPSQSQSRLPQWTHPNSMDNLPSAASPLEQNPSKHGAIPGGLSIGPPGKSSIDDSYGRYDLIQNSESPASPPVAVPHSWSRAKSDSDKISNGSS[INWPPEFHPGVPWKGLQNIDPENDPDVTPGSVPTGPTINT]TIQDVNRYLLKSGGKLSDIKSTWSSGPTSHTQASLSHELWKVPRNSTAPTRPPPGLTNPKPSSTWGASPLGWTSSYSSGSAWSTDTSGQALPPTSSWQSSSASSQPRLSAAGSSHGLVRSDAGHWNAPCLGGKGSSELLWGG[VPQYSSSLWGPPSADDSRVIGSPTPLTTLLPGDLLS]GESL
30 ,       370 ,idp_experiment ,sumo_m_alpha_egfp_h6      ,SUMO-m\textalpha{}EGFP-H\textsubscript{6}       ,this work         ,MSDSEVNQEAKPEVKPEVK[PETHINLKVSDGSSEIFFKIKKTTPLRRLMEAFAKRQGKEMDSLRFLYDGIRIQADQTPEDLDMEDNDIIEAHREQIGGGTVSKGEELFTGVVPILVELDGDVNGHKFSVSGEGEGDATYGKLTLKFICTTGKLPVPWPTLVTTLTYGVQCFSRYPDHMKRHDFFKSAMPEGYVQERTISFKDDGNYKTRAEVKFEGDTLVNRIELKGIDFKEDGNILGHKLEYNYNSHNVYITADKQKNGIKANFKIRHNIEDGSVQLADHYQQNTPIGDGPVLLPDNHYLSTQSKLSKDPNEKRDHMVLLEFVTAAGITLGMDELYKDIGSAGSAAGSGEFEFLEVLFQG]PLEHHHHHH
31 ,       404 ,idp_literature ,calreticulin              ,Calreticulin                                    ,Bouvier_2000      ,G[IPGEPAVYFKEQFLDGDGWTSRWIESKHKSDFGKFVLSSGKFYGDEEKDKGLQTSQDARFYALSASFEPFSNKGQTLVVQFTVKHEQNIDCGGGYVKLFPNSLDQTDMHGDSEYNIMFGPDICGPGTKKVHVIFNYKGKNVLINKDIRCKDDEFTHLYTLIVRPDNTYEVKIDNSQVESGSLEDDWDFLPP]KKIKDPDASKPEDWDERAKIDDPTDSKPEDWDKPEHIPDPDAKKPE[DWDEEMDGEWEPPVIQNPEYKGEWKPRQIDNPDYKGTWIHPEIDNPEYSPDPSIYAYDNFGVLGLDLWQVKSGTIFDNFLITNDEAYAEEFGNETWGVTKAAEKQMKDK]QDEEQRLKEEEEDKKRKEEEEAEDKEDDEDKDEDEEDEEDKEEDEEEDVPGQAKDEL
32 ,       410 ,idp_literature ,he_vpnt                   ,HeVPNT                                          ,Habchi_2010       ,MDKLDLVNDGLDIIDFIQKNQKEIQKTYGRSSIQQPSTKDRTRA[WEDFLQST]SGEHEQAEGGMPKNDGGTEGRNVEDLSSVTSSDGTIGQRVSNTRAWAEDPD[DIQLDPMVTDVVYHDHGGEC]TGHGPSSSPERGWSYHMSGTHDGN[VRAVPDTKVLPNAPKTTVPEEVREIDLIGLEDKFASAGLNPAAVPFVPKNQSTPTEEPPVIPEYYYGSG]RRGDLSKSPPRGNVN[LDSIKIYTSDDEDENQLEYEDEFAKSSSEVVIDTTPEDNDSINQEEVVGDPSDQGLEHPFPLGKFPEKEETPDVRRKDSLMQDSCKRGGVPKRLPMLSEEFECSGSDDPIIQELEREGSHPGGSLR]LREPPQSSGNSRNQPDRQLKTGDAASPGGVQRPGTPMPKSRIMPIKKHHHHHH
33 ,       412 ,idp_literature ,ni_vpnt                   ,NiVPNT                                          ,Habchi_2010       ,MDKLELVNDGLNIIDFIQKNQKEIQKTYGRSSIQQPSIKDQTKA[WEDFLQCT]SGESEQVEGGMSKDDGDVERRNLEDLSSTSPTDGTIGKRVSNTRDWAEGSDDIQ[LDPVVTDVVYHDHGG]ECTGYGFTSSPERGWSDYT[SGANNGNVCLVSDAKMLSYAPEIAVSKEDRETDLVHLENKLSTTGLNPTAVPFTLRNLSDPAKDSPVIAEHYYGLGVKEQNVGPQTSRNVNLDSIKLYTSDDEEADQLEFEDEFAGSSSEVIVGISPEDEEPSSVGGKPNESIGRTIEGQSIRDNLQAKDNKST]DVPGAGPKDSAVKEEPPQKRLPMLAEEFECSGS[EDPIIRELLKENSLINCQQGKDAQPPYHWSIER]SISPDKTEIVNGAVQTADRQRPGTPMPKSRGIPIKKHHHHHH
34 ,       434 ,idp_experiment ,gst_cnot1_800_999         ,GST-CNOT1(800-999)                              ,this work         ,[MSPILGYWKIKGLVQPTRLLLEYLEEKYEEHLYERDEGDKWRNKKFELGLEFPNLPYYIDGDVKLTQSMAIIRYIADKHNMLGGCPKERAEISMLEGAVLDIRYGVSRIAYSKDFETLKVDFLSKLPEMLKMFEDRLCHKTYLNGDHVTHPDFMLYDALDVVLYMDPMCLDAFPKLVCFKKRIEAIPQIDKYLKSSKYIAWPLQGWQATFGGGDHPP]KSDLEVLFQGPLGSPEFNNDPFVQRKLGTSGLNQPTFQQTDLSQVWPEA[NQHFSKEIDDEANSYFQRIYNHPPHPTMSVDEVLEMLQRFKDSTIKREREVFNCMLRNLFEEYRFFPQYPDKELHITACLFGGIIEKGLVTYMALGLALRYVLEALRKPFGSKMYYFGIAALDRFKNRLKDYPQYCQHLASISHFMQFPHHLQEYIEYGQQ]SRDPPVK
35 ,       469 ,idp_experiment ,h6_sumo_gw182sd_delta_rrm ,H\textsubscript{6}-SUMO-GW182SD \textDelta{}RRM ,this work         ,MGSSHHHHHHSSGLVPRGSHMASMSDSEVNQEAKPEVKPEVK[PETHINLKVSDGSSEIFFKIKKTTPLRRLMEAFAKRQGKEMDSLRFLYDGIRIQADQTPEDLDMEDNDIIEAHREQIGGSEFNTFAPYPLAGL]NPNMNVNSMDMTGGLSVKDPSQSQSRLPQWTHPNSMDNLPSAASPLEQNPSKHGAIPGGLSIGPPGKSSIDDSYGRYDLIQNSESPASPPVAVPHSWSRAKSDSDKISNGSS[INWPPEFHPGVPWKGLQNIDPENDPDVTPGSVPTGPTINTTIQD]VNRYLLKSGGKLSDIKSTWSSGPTSHTQAS[LSHELWKVPRN]STAPTRPPPGLTNPKPSSTWGASPLGWTSSYSSGSAWSTDTSGQALPPTSSWQSSSASSQPRLSAAGSSHGLVRSDAGHWNAPCLGGKGSSELLWGGVPQYSSSLWGPPSADDSRVIGSPTPLTTLLPGD[LLS]GESL
36 ,       506 ,idp_experiment ,agarp                     ,AGARP                                           ,this work         ,SPLRNRFNEDHDEFSKDDMARES[FDTEEMYNAFLNRRDSSESQLEDHLLSHAKPLYDDFFPKDTSPDDDEDSYWLESRNDDGYDLAKRKRGYDDEEAYDDFDEV]DDRADDEGARDVDESDFEEDDKLPAEEESKNDMDEETFEDEPEEDKEEAREEFAEDERADEREDDDADFDFNDEEDEDEVD[NKAESDIFTPEDFAGVSDEAMDNFRDD]NEEEYADESDDEAEEDSEETADDFEDDPEDESDETFRDEVEDESEENYQDDTEEGSEIKQNDETEEQPEKKFDAD[KEHEDA]PEPLKEKLSDESKARAEDESDKSEDAAKEIKE[PEDAVEDFEDGAKVSEDEAELLDDEAELSDDEA]ELSKDEAEQSSDEAEKSEDKAEKSEDEAELSEDEAKQSEDEAEKAEDAAGKESNDEGKKREDEAVKSK[GIARDESEFAKAKKSNLALKRDENRPLAKGLRESAAHLRDFPSEKKSKDAAQGNIENELDYFKRNAFAD]SKDAEPYEFDK
37 ,       513 ,idp_experiment ,h6_sumo_parnc_mcherry     ,H\textsubscript{6}-SUMO-PARNC-mCherry           ,this work         ,MGSSHHHHHHSSGLVPRGSHMSDSEVNQEAKPEVKPEV[KPETHINLKVSDGSSEIFFKIKKTTPLRRLMEAFAKRQGKEMDSLRFLYDGIRIQADQTPEDLDMEDNDIIEAHREQIGGYAESYRIQTYAEYMGRKQEEKQIKRKWTEDSWKEADSKRLNPQCIPYTLQNHYYRNNSFTAPSTVGK]RNLSPSQEEAGLEDGVSGEISDTELEQTDSCAEPLSEGRKKAKKLKRMKKELSPAGSISKN[SPATLFEVPDTWLEVLFQGPGSAGSAAGSGEFVSKGEEDNMAIIKEFMRFKVHMEGSVNGHEFEIEGEGEGRPYEGTQTAKLKVTKGGPLPFAWDILSPQFMYGSKAYVKHPADIPDYLKLSFPEGFKWERVMNFEDGGVVTVTQDSSLQDGEFIYKVKLRGTNFPSDGPVMQKKTMGWEASSERMYPEDGALKGEIKQRLKLKDGGHYDAEVKTTYKAKKPVQLPGAYNVNIKLDITSHNEDYTIVEQYERAEGRHST]GGMDELYK
38 ,       585 ,globular       ,hsa                       ,HSA                                             ,this work         ,[DAHKSEVAHRFKDLGEENFKALVLIAFAQYLQQCPFEDHVKLVNEVTEFAKTCVADESAENCDKSLHTLFGDKLCTVATLRETYGEMADCCAKQEPERNECFLQHKDDNPNLPRLVRPEVDVMCTAFHDNEETFLKKYLYEIARRHPYFYAPELLFFAKRYKAAFTECCQAADKAACLLPKLDELRDEGKASSAKQRLKCASLQKFGERAFKAWAVARLSQRFPKAEFAEVSKLVTDLTKVHTECCHGDLLECADDRADLAKYICENQDSISSKLKECCEKPLLEKSHCIAEVENDEMPADLPSLAADFVESKDVCKNYAEAKDVFLGMFLYEYARRHPDYSVVLLLRLAKTYETTLEKCCAAADPHECYAKVFDEFKPLVEEPQNLIKQNCELFEQLGEYKFQNALLVRYTKKVPQVSTPTLVEVSRNLGKVGSKCCKHPEAKRMPCAEDYLSVVLNQLCVLHEKTPVSDRVTKCCTESLVNRRPCFSALEVDETYVPKEFNAETFTFHADICTLSEKERQIKKQTALVELVKHKPKATKEQLKAVMDDFAAFVEKCCKADDKETCFAEEGKKLVAASQAALGL]
39 ,       608 ,idp_literature ,omm_64                    ,OMM-64                                          ,Poznar_2017       ,APVNDGTEADNDERAASLLVHLKGDKDGGGLTGSPDGVSAGTTDGTDSSKELAGGAVDSSPDTTDTPDASSSDIFPDTNNRDTSVETTGNPDDSDAPDAAESAGSQDTTDAADASEA[VAETVDTYDIPDTDG]ADDREKVSTEVSTEDLDSAGVDKSPESDSTESPGSDSAESPGSDSAESPGSDSTESPGSDSTESPRSDST[DEVLTDVQADSADV]TSDDMDEATETDKDDDKSDDKSDADAATDKDDSDEDKDTELDGKAHAEDTQTEEAADSDSKQGAADSDSDTDDDRPEKDVKNDSDDSKDTTEDDKPDKDDKKNRDSADNSNDDSDEMIQVPREELEQQEINLKEGGVIGSQEETVASDMEEGSDVGDQKPGPEDSIEEGS[PVG]RQDFKHPQDSEEEELEKEAKKEKELEEAEEERTLKTIESDSQEDSVDESEAEPDSNSKKDIGTSDAPEPQEDDSEEDTDDSMMKEPKDSDDAESDKDDKDKNDMDKEDMDKDDMDKDDMDKDDMDKDDVDKDASDSVDDQSESDAEPGADSHTVVDEIDGEETMTPDSEEIMKS[GEMDSVVEATEVPADILDQPD]QQDDMTQGASQAADAAATALAAQS
40 ,       624 ,idp_experiment ,h6_sumo_agarp             ,H\textsubscript{6}-SUMO-AGARP                   ,this work         ,MGSSHHHHHHSSGLVPRGSHMSDSEVNQEAKPEVKPEV[KPETHINLKVSDGSSEIFFKIKKTTPLRRLMEAFAKRQGKEMDSLRFLYDGIRIQADQTPEDLDMEDNDIIEAHREQIGGSPLRNRFNEDHDEFSKDDMARESFDTEEMYNAFLNRRDSSESQLEDHLLSHAKPLYDDFFPKDTSPDDDEDSYWLESRNDDGYDLAKRKRGYDDEEAYDDFDEV]DDRADDEGARDVDESDFEEDDKLPAEEESKNDMDEETFEDEPEEDKEEAREEFAEDERADEREDDDADFDFNDEEDEDEVDN[KAESDIFTPEDFAGVSDEAMDNFRDD]NEEEYADESDDEAEEDSEETADDFEDDPEDESDETFRDEVEDESEENYQDDTEEGSEIKQNDETEEQPEKKFDADKE[HED]APEPLKEKLSDESKARAEDESDKSEDAAKEIKE[PEDAVEDFEDGAKVSEDEAELLDDEAELS]DDEAELSKDEAEQSSDEAEKSEDKAEKSEDEAELSEDEAKQSEDEAEKAEDAAGKESNDEGKKREDEAVKSKGIARD[ESEFAKAKKSNLALKRDENRPLAKGLRESAAHLRDFPSEKKSKDAAQGNIENELDYFKRNAF]ADSKDAEPYEFDK
41 ,       688 ,idp_experiment ,gw182sd_mcherry           ,GW182SD-mCherry                                 ,this work         ,SEFNTFAPYPLAGLNPNMNVNSMDMTGGLSVKDPSQSQSRLPQWTHPNSMDNLPSAASPLEQNPSKHGAIPGGLSIGPPGKSSIDDSYGRYDLIQNSESPASPPVAVPHSWSRAKSDSDKISNGSSINWP[PEFHPGVPWKGLQNIDPENDPDV]TPGSVPTGPTINTTIQDVNRYLLKSGGKLSDIKSTWSSGPTSHTQASLSHELWKVPRNSTAPTRPPPGLTNPKPSSTWGASPLGWTSSYSSGSAWSTDT[SGRTSSWLVLRNLTPQIDGSTLRTLCLQHGPLITFHLNLTQGNAVVRYSSKEEAAKAQKSLHMCVLGNTTILAEFAGEEEVNRFLAQGQ]ALPPTSSWQSSSASSQPRLSAAGSSHGLVRSDAGHWNAPCLGGKGSSELLWGGVPQYSSSLWGPPSADDSRVIGSPTPLTTLLPGDLLSGESLPGGSAGSAAGSGEFAAAV[SKGEEDNMAIIKEFMRFKVHMEGSVNGHEFEIEGEGEGRPYEGTQTAKLKVTKGGPLPFAWDILSPQFMYGSKAYVKHPADIPDYLKLSFPEGFKWERVMNFEDGGVVTVTQDSSLQDGEFIYKVKLRGTNFPSDGPVMQKKTMGWEASSERMYPEDGALKGEIKQRLKLKDGGHYDAEVKTTYKAKKPVQLPGAYNVNIKLDITSHNEDYTIVEQYERAEGRHST]GGMDELYKKL
42 ,       809 ,idp_experiment ,h6_sumo_gw182sd_mcherry   ,H\textsubscript{6}-SUMO-GW182SD-mCherry         ,this work         ,MGSSHHHHHHSSGLVPRGSHMASMSDSEVNQEAKPEVKPEVK[PETHINLKVSDGSSEIFFKIKKTTPLRRLMEAFAKRQGKEMDSLRFLYDGIRIQADQTPEDLDMEDNDIIEAHREQIGGSEFNTFAPYPLAGL]NPNMNVNSMDMTGGLSVKDPSQSQSRLPQWTHPNSMDNLPSAASPLEQNPSKHGAIPGGLSIGPPGKSSIDDSYGRYDLIQNSESPASPPVAVPHSWSRAKSDSDKISNGSSINWPP[EFHPGVPWKGLQNIDPENDPDVT]PGSVPTGPTINTTIQDVNRYLLKSGGKLSDIKSTWSSGPTSHTQASLSHELWKVPRNSTAPTRPPPGLTNPKPSSTWGASPLGWTSSYSSGSAWSTDT[SGRTSSWLVLRNLTPQIDGSTLRTLCLQHGPLITFHLNLTQGNAVVRYSSKEEAAKAQKSLHMCVLGNTTILAEFAGEEEVNRFLAQG]QALPPTSSWQSSSASSQPRLSAAGSSHGLVRSDAGHWNAPCLGGKGSSELLWGGVPQYSSSLWGPPSADDSRVIGSPTPLTTLLPGDLLSGESLPGGSAGSAAGSGEFAAAV[SKGEEDNMAIIKEFMRFKVHMEGSVNGHEFEIEGEGEGRPYEGTQTAKLKVTKGGPLPFAWDILSPQFMYGSKAYVKHPADIPDYLKLSFPEGFKWERVMNFEDGGVVTVTQDSSLQDGEFIYKVKLRGTNFPSDGPVMQKKTMGWEASSERMYPEDGALKGEIKQRLKLKDGGHYDAEVKTTYKAKKPVQLPGAYNVNIKLDITSHNEDYTIVEQYERAEGRHSTGGMDELYK]KL
43 ,       996 ,idp_literature ,fesselin                  ,Fesselin                                        ,Khaymina_2007     ,MIQSAAPSIPRVEVILDCSDREKEAPKSLAERGCVDSQVEGGQSEAPPSLPSFAISSEGTEQGEDNQHSEKDHRPLKHRARHARLRRSESLSEKQVKEAKSKCKSIALLLTAAPNPNSKGVLMFKKRRQRARKYTLVSYGTGELERDEDEGEEGEVEEGDKENTFEVSLLATSESEIDEDFFSDIDNDKKIVTFDWDSGLLEVEKKTKSGDEMQTLPETTGKGALMFARRRQRMDQITAEQEEMKARTAHAEEQREVTVSENFQKVSSSAYQTKEEEMLRQQPCISKSYADVSQNDGKIVQQNGFGVAPDTSLSFQSSEAQKAASLNRTAKPFPFGVQNRAAAPFSPTRNVTSPLSDLPAPPPYCSISPPPEALYRPLSAPAASKAAPILWSHTEPTERIASRDERIAVPAKRTGILQEAKRRSTSKPMFSFKEAPKVSPNPALLSLVHNAEGKKGSGAGFESGPEEDYLSLGAEACNFMQSQASKQKAPPPTAPKPSLKVSPAAGTPVSPVWSPAVASNKAPSFPAPASPQAAYPAPLKSPQYPHSPSANPPNTLNLSGPFKGPQATLASPNHPAKTPTTPSAGETKPFEMPPEMRGKGAQLFARRHSRMEKYVVDSETVQANMARASSPTPSLPASWKYSSNVRAPPPVAYNPIHSPSYPPAATKPFPKSTAATKNTKRKPKKGLNALDIMKHQPYQLDASLFTFQPPSNKESLGIKQIPKLPTSKQATSLRLPGSASPTNVRASSVYSVPAYSSQPSFQSNASTPVNESYTPTGYSAFSKPESTTSSLFTAPRPKFSAKKAGVIAQERSSGRSLSLPGKPSFISRATSPTSPLIFQPAPDYFSKPDTAADKPGKRLTPWEAAAKSPLGLVDEAFRPQNMQESIAANVVSAAHRKTLPEPPDEWKQKVSYEPPGPSASLALLGGKQPGVTSARKSSLSVSNATTQAGSQQQYAYCSQRSQTDPDIMSMDSRSDYGLSTADSNYNPQPRGWRRPT
44 ,      4200 ,globular       ,apoferritin_24_mer        ,Apoferritin (24-mer)                            ,this work         ,not applicable
